<?xml version="1.0" encoding="utf-8"?>
<assets>
	<scripts>
		<file>js/owl-carousel/owl.carousel.js</file>
		<file>js/swiper/swiper.min.js</file>
		<file>js/script.js</file>
	</scripts>
	
	<stylesheets>
		<file>fonts/font-awesome/css/font-awesome.min.css</file>
		<file>//fonts.googleapis.com/css?family=Libre+Franklin:200,300,400,500|Rubik:400,500,700</file>
		<file>js/owl-carousel/owl.carousel.css</file>
		<file>js/owl-carousel/owl.theme.css</file>
		<file>js/swiper/swiper.css</file>
	</stylesheets>
	
</assets>