<?xml version="1.0" encoding="utf-8"?>
<form>
	<title>Cta Style 1</title>
	<sampledata></sampledata>
	<fields name="cta">
     <fieldset name="basic" label="CTA_BASIC_LABEL" description="CTA_BASIC_DESC" multiple="0">
     		<field name="block-intro" type="textarea" default="" rows="5" cols="40" label="BLOCK_INTRO_LABEL" description="BLOCK_INTRO_DESC" />
				
        <field name="img" type="media" default="" label="CTA_BACKGROUND_IMAGE_LABEL" description="CTA_IMG_DESC" />

        <field name="button" type="text" default="" label="CTA_BUTTON_LABEL" description="CTA_BUTTON_DESC" required="1" />
        <field name="link" type="text" default="" label="CTA_LINK_LABEL" description="CTA_LINK_DESC" required="1" />
        <field name="button_class" type="text" default="btn btn-default" label="CTA_BUTTON_CLASS_LABEL" description="CTA_BUTTON_CLASS_DESC" />
        
    </fieldset>
  </fields>
</form>