<?xml version="1.0" encoding="utf-8"?>
<form>
    <title>Features Intro Style 1</title>
	<sampledata></sampledata>
	<fields name="features-intro">
		<fieldset name="basic" label="FEATURES_BASIC_LABEL" description="FEATURES_BASIC_DESC">
			<field name="block-title" type="textarea" default="" rows="5" cols="40"  label="BLOCK_TITLE_LABEL" description="BLOCK_TITLE_DESC" />

			<field name="block-intro" type="textarea" default="" rows="5" cols="40"  label="BLOCK_INTRO_LABEL" description="BLOCK_INTRO_DESC" />
			
			<field name="columns" type="list" label="FEATURES_COLUMNS_LABEL" description="FEATURES_COLUMNS_DESC" >
				<option value="1">1</option>
				<option value="2">2</option>
				<option value="3">3</option>
				<option value="4">4</option>
				<option value="6">6</option>
			</field>
		</fieldset>
	
		<fieldset name="section-features" label="FEATURES_SECTION_LABEL" description="FEATURES_SECTION_DESC">
			<field name="data" type="jalist" >
				<item name="img" type="media" default="" label="FEATURES_IMAGE_LABEL" description="FEATURES_IMAGE_LABEL_DESC"  />
				<item name="title" type="text" default="" size="40" label="FEATURES_TITLE_LABEL" description="FEATURES_TITLE_DESC" required="1" />
				<item name="description" type="textarea" default="" label="FEATURES_DESCRIPTION_LABEL" description="FEATURES_DESCRIPTION_DESC" rows="5" cols="40" />
				<item name="link" type="text" default="" label="FEATURES_LINK_LABEL" description="FEATURES_LINK_DESC" />
				<item name="btn-value" type="text" default="" label="FEATURES_BTN_VALUE_LABEL" description="FEATURES_BTN_VALUE_DESC" />
				<item name="btn-type" type="text" default="" label="FEATURES_BTN_TYPE_LABEL" description="FEATURES_BTN_TYPE_DESC" />
			</field>

		</fieldset>
		
  </fields>
</form>