<?xml version="1.0" encoding="utf-8"?>
<form>
	<title>Teams Style 1</title>
	<sampledata></sampledata>
	<fields name="team_about">
		<fieldset name="col" label="TEAM_COL_LABEL" description="TEAM_COL_DESC" > 
			<field name="number_col" type="list" label="TEAM_NUMBER_COL_LABEL" description="TEAM_NUMBER_COL_DESC">
				<option value="1">1</option>
				<option value="2">2</option>
				<option value="3">3</option>
				<option value="4">4</option>
			</field>
		</fieldset>
		
		<fieldset name="member_info" label="TEAM_MEMBER_INFO_LABEL" description="TEAM_MEMBER_INFO_DESC" multiple="1">
			<field name="member-image" type="media" default="" label="TEAM_MEMBER_LABEL" description="TEAM_MEMBER_DESC"></field>
			<field name="member-desc" type="textarea" cols="40" rows="5" default="" label="TEAM_MEMBER_TEXT_LABEL" description="TEAM_MEMBER_TEXT_DESC"></field>
			<field name="member-name" type="text" size="40" default="" label="TEAM_MEMBER_NAME_LABEL" description="TEAM_MEMBER_NAME_DESC" required="1"></field>
			<field name="member-position" type="text" size="40" default="" label="TEAM_MEMBER_POSITION_LABEL" description="TEAM_MEMBER_POSITION_DESC"></field>
		</fieldset>
	</fields>
</form>