<?xml version="1.0" encoding="utf-8"?>
<form>
	<title>Accordion Style</title>
	<sampledata></sampledata>
    <fields name="accordion">
			<fieldset name="accordion-box" label="ACCORDION_BOX_LABEL" description="ACCORDION_BOX_DESC">
				<field name="data" type="jalist">
					<item name="accordion-name" type="text" default="" label="ACCORDION_NAME_LABEL" description="ACCORDION_NAME_DESC" />
					<item name="accordion-desc" type="text" default="" label="ACCORDION_DESCRIPTION_LABEL" description="ACCORDION_DESCRIPTION_DESC" />
				</field>
			</fieldset>
    </fields>
</form>