<?xml version="1.0" encoding="utf-8"?>
<form>
    <title>Testimonial Style 3</title>
	<sampledata></sampledata>
	<fields name="basic">	
		<fieldset name="section-features" label="TESTIMONIAL_SECTION_LABEL" description="TESTIMONIAL_SECTION_DESC">
			<field name="data" type="jalist" >
				<item name="content" type="textarea" default="" label="TESTIMONIAL_CONTENT_LABEL" description="TESTIMONIAL_CONTENT_DESC" rows="10" cols="40" />
				<item name="img" type="media" default="" label="TESTIMONIAL_AVATAR_AUTHOR_LABEL" description="TESTIMONIAL_AVATAR_AUTHOR_LABEL_DESC"  />
				<item name="name" type="text" default="" size="40" label="TESTIMONIAL_NAME_LABEL" description="TESTIMONIAL_NAME_DESC" required="1" />
				<item name="name-position" type="text" default="" size="40" label="TESTIMONIAL_POSITION_LABEL" description="TESTIMONIAL_POSITION_DESC"/>
			</field>
		</fieldset>
		
  </fields>
</form>